Title,Year,Rank,Directors,Countries
Avengers: Endgame  ,2019,1,"Russo, Anthony / Russo, Joe",USA
The Mustang  ,2019,2,"de Clermont-Tonnerre, Laura",France / USA
Apollo 11  ,2019,3,"Miller, Todd Douglas",USA
Us  ,2019,4,"Peele, Jordan",Japan / USA
How to Train Your Dragon: The Hidden World,2019,5,"DeBlois, Dean",USA
Captain Marvel,2019,6,"Boden, Anna / Fleck, Ryan",USA
Knock Down the House  ,2019,6,"Lears, Rachel",USA
Shazam!  ,2019,6,"Sandberg, David F.",USA
Clemency,2019,7,"Chukwu, Chinonye",USA
Honeyland,2019,7,"Kotevska, Tamara / Stefanov, Ljubomir",Rep of Macedonia
One Child Nation,2019,7,"Lynn, Zhang / Wang, Nanfu",USA
The Souvenir,2019,7,"Hogg, Joanna",UK / USA
Hail Satan?  ,2019,8,"Lane, Penny",USA
The Lego Movie 2: The Second Part,2019,9,"Mitchell, Mike",Denmark / Norway / Australia / USA
Long Shot  ,2019,9,"Levine, Jonathan",USA
Penguins  ,2019,9,"Fothergill, Alastair / Wilson, Jeff",USA
Pet Sematary  ,2019,9,"Kölsch, Kevin / Widmyer, Dennis",USA
Fighting With My Family,2019,10,"Merchant, Stephen",UK / USA
Roma,2018,1,"Cuarón, Alfonso",Mexico / USA
Cold War,2018,2,"Pawlikowski, Pawel",Poland / UK / France
Shoplifters,2018,3,"Koreeda, Hirokazu",Japan
Green Book,2018,4,"Farrelly, Peter",USA
A Star is Born,2018,5,"Cooper, Bradley",USA
If Beale Street Could Talk,2018,6,"Jenkins, Barry",USA
BlacKkKlansman,2018,7,"Lee, Spike",USA
The Favourite,2018,8,"Lanthimos, Yorgos",Ireland / UK / USA
Black Panther,2018,9,"Coogler, Ryan",USA
Capernaum,2018,10,"Labaki, Nadine",Lebanon / USA
The Shape of Water,2017,1,"del Toro, Guillermo",USA
"Three Billboards Outside Ebbing, Missouri",2017,2,"McDonagh, Martin",UK / USA
Call Me by Your Name,2017,3,"Guadagnino, Luca",Italy / France / Brazil / USA
Dunkirk,2017,4,"Nolan, Christopher",UK / Netherlands / France / USA
Lady Bird,2017,5,"Gerwig, Greta",USA
BPM (Beats Per Minute),2017,6,"Campillo, Robin",France
Get Out,2017,7,"Peele, Jordan",USA
The Square,2017,8,"Östlund, Ruben",Sweden / Germany / France / Denmark
Loveless,2017,9,"Zvyagintsev, Andrey",Russia / France
The Post,2017,10,"Spielberg, Steven",USA
La La Land,2016,1,"Chazelle, Damien",USA
Moonlight,2016,2,"Jenkins, Barry",USA
Manchester by the Sea,2016,3,"Lonergan, Kenneth",USA
Toni Erdmann,2016,4,"Ade, Maren",Germany / Austria
Arrival,2016,5,"Villeneuve, Denis",USA
The Handmaiden,2016,6,"Park, Chan-wook",South Korea
Elle,2016,7,"Verhoeven, Paul",France / Germany / Belgium
Fences,2016,8,"Washington, Denzel",USA
Hell or High Water,2016,9,"Mackenzie, David",USA
The Salesman,2016,10,"Farhadi, Asghar",Iran / France
Spotlight,2015,1,"McCarthy, Tom",USA
Son of Saul,2015,2,"Nemes, László",Hungary
Mad Max: Fury Road,2015,3,"Miller, George",Australia / USA
The Revenant,2015,4,"Iñárritu, Alejandro González",USA
Carol,2015,5,"Haynes, Todd",UK / USA / France
Inside Out,2015,6,"Docter, Pete / Del Carmen, Ronaldo",USA
Room,2015,7,"Abrahamson, Lenny",Ireland / Canada
The Martian,2015,8,"Scott, Ridley",USA
The Big Short,2015,9,"McKay, Adam",USA
Brooklyn,2015,10,"Crowley, John",Ireland / UK / Canada
Boyhood,2014,1,"Linklater, Richard",USA
Birdman,2014,2,"Iñárritu, Alejandro González",USA
Leviathan,2014,3,"Zvyagintsev, Andrey",Russia
The Grand Budapest Hotel,2014,4,"Anderson, Wes",USA / Germany
The Imitation Game,2014,5,"Tyldum, Morten",UK / USA
Whiplash,2014,6,"Chazelle, Damien",USA
"Two Days, One Night",2014,7,"Dardenne, Jean-Pierre / Dardenne, Luc",Belgium / France / Italy
Timbuktu,2014,8,"Sissako, Abderrahmane",France / Mauritania
American Sniper,2014,9,"Eastwood, Clint",USA
Nightcrawler,2014,10,"Gilroy, Dan",USA
12 Years a Slave,2013,1,"McQueen, Steve",USA / UK
Blue is the Warmest Colour,2013,2,"Kechiche, Abdellatif",France
Gravity,2013,3,"Cuarón, Alfonso",USA / UK
Ida,2013,4,"Pawlikowski, Pawel",Poland / Denmark
The Wolf of Wall Street,2013,5,"Scorsese, Martin",USA
Inside Llewyn Davis,2013,6,"Coen, Ethan / Coen, Joel",USA / France
Her,2013,7,"Jonze, Spike",USA
The Great Beauty,2013,8,"Sorrentino, Paolo",Italy
Captain Phillips,2013,9,"Greengrass, Paul",USA
Nebraska,2013,10,"Payne, Alexander",USA
Amour,2012,1,"Haneke, Michael",France / Germany / Austria
Zero Dark Thirty,2012,2,"Bigelow, Kathryn",USA
Lincoln,2012,3,"Spielberg, Steven",USA / India
Argo,2012,4,"Affleck, Ben",USA
Life of Pi,2012,5,"Lee, Ang",USA
Beasts of the Southern Wild,2012,6,"Zeitlin, Benh",USA
The Master,2012,7,"Anderson, Paul Thomas",USA
Silver Linings Playbook,2012,8,"Russell, David O.",USA
Les Misérables,2012,9,"Hooper, Tom",UK
Holy Motors,2012,10,"Carax, Leos",France / Germany
A Separation,2011,1,"Farhadi, Asghar",Iran
The Artist,2011,2,"Hazanavicius, Michel",France / Belgium
The Tree of Life,2011,3,"Malick, Terrence",USA
Hugo,2011,4,"Scorsese, Martin",USA
The Descendants,2011,5,"Payne, Alexander",USA
Melancholia,2011,6,"von Trier, Lars",Denmark / Sweden / France / Germany
Midnight in Paris,2011,7,"Allen, Woody",Spain / USA
War Horse,2011,8,"Spielberg, Steven",USA
The Kid with a Bike,2011,9,"Dardenne, Jean-Pierre / Dardenne, Luc",Belgium / France
Moneyball,2011,10,"Miller, Bennett",USA
The Social Network,2010,1,"Fincher, David",USA
The King's Speech,2010,2,"Hooper, Tom",UK / Australia
Inception,2010,3,"Nolan, Christopher",USA / UK
Black Swan,2010,4,"Aronofsky, Darren",USA
True Grit,2010,5,"Coen, Ethan / Coen, Joel",USA
Winter's Bone,2010,6,"Granik, Debra",USA
Toy Story 3,2010,7,"Unkrich, Lee",USA
The Fighter,2010,8,"Russell, David O.",USA
Incendies,2010,9,"Villeneuve, Denis",Canada
The Kids Are All Right,2010,10,"Cholodenko, Lisa",USA
A Prophet,2009,1,"Audiard, Jacques",France / Italy
The White Ribbon,2009,2,"Haneke, Michael",Austria / France / Germany
Avatar,2009,3,"Cameron, James",USA
Precious,2009,4,"Daniels, Lee",USA
Up in the Air,2009,5,"Reitman, Jason",USA
Inglourious Basterds,2009,6,"Tarantino, Quentin",USA / Germany / France
The Secret in Their Eyes,2009,7,"Campanella, Juan José",Argentina / Spain
A Serious Man,2009,8,"Coen, Ethan / Coen, Joel",USA / UK / France
An Education,2009,9,"Scherfig, Lone",UK
District 9,2009,10,"Blomkamp, Neill",South Africa / New Zealand
The Hurt Locker,2008,1,"Bigelow, Kathryn",USA
Let the Right One In,2008,2,"Alfredson, Tomas",Sweden
Slumdog Millionaire,2008,3,"Boyle, Danny / Tandan, Loveleen",UK / USA
Waltz with Bashir,2008,4,"Folman, Ari",Israel / Germany / France
The Dark Knight,2008,5,"Nolan, Christopher",USA
Wall•E,2008,6,"Stanton, Andrew",USA
Milk,2008,7,"Van Sant, Gus",USA
Frost/Nixon,2008,8,"Howard, Ron",USA / UK / France
The Curious Case of Benjamin Button,2008,9,"Fincher, David",USA
Gomorrah,2008,10,"Garrone, Matteo",Italy
No Country for Old Men,2007,1,"Coen, Ethan / Coen, Joel",USA
There Will Be Blood,2007,2,"Anderson, Paul Thomas",USA
The Diving Bell and the Butterfly,2007,3,"Schnabel, Julian",France / USA
"4 Months, 3 Weeks and 2 Days",2007,4,"Mungiu, Cristian",Romania
Persepolis,2007,5,"Paronnaud, Vincent / Satrapi, Marjane",France
Atonement,2007,6,"Wright, Joe",UK
Juno,2007,7,"Reitman, Jason",USA
Into the Wild,2007,8,"Penn, Sean",USA
Michael Clayton,2007,9,"Gilroy, Tony",USA
Ratatouille,2007,10,"Bird, Brad",USA
Pan's Labyrinth,2006,1,"del Toro, Guillermo",Mexico / Spain / USA
The Lives of Others,2006,2,"von Donnersmarck, Florian Henckel",Germany
The Queen,2006,3,"Frears, Stephen",UK
The Departed,2006,4,"Scorsese, Martin",USA
Babel,2006,5,"Iñárritu, Alejandro González",USA
Little Miss Sunshine,2006,6,"Dayton, Jonathan / Faris, Valerie",USA
Borat: Cultural Learnings of America for Make Benefit Glorious Nation of Kazakhstan,2006,7,"Charles, Larry",USA
Volver,2006,8,"Almodóvar, Pedro",Spain
United 93,2006,9,"Greengrass, Paul",France / UK / USA
The Host,2006,10,"Bong, Joon-ho",South Korea
Brokeback Mountain,2005,1,"Lee, Ang",USA
"Good Night, and Good Luck.",2005,2,"Clooney, George",USA
Caché,2005,3,"Haneke, Michael",France / Austria / Germany / Italy
A History of Violence,2005,4,"Cronenberg, David",USA
Capote,2005,5,"Miller, Bennett",USA
Tsotsi,2005,6,"Hood, Gavin",UK / South Africa
Munich,2005,7,"Spielberg, Steven",USA
The Three Burials of Melquiades Estrada,2005,8,"Jones, Tommy Lee",USA / France
Grizzly Man,2005,9,"Herzog, Werner",USA
Paradise Now,2005,10,"Abu-Assad, Hany",France / Germany / Netherlands / Israel
Sideways,2004,1,"Payne, Alexander",USA
Million Dollar Baby,2004,2,"Eastwood, Clint",USA
Downfall,2004,3,"Hirschbiegel, Oliver",Germany / Italy / Austria
The Aviator,2004,4,"Scorsese, Martin",USA / Japan / Germany
Crash,2004,5,"Haggis, Paul",USA / Germany
House of Flying Daggers,2004,6,"Zhang, Yimou",China / Hong Kong
Eternal Sunshine of the Spotless Mind,2004,7,"Gondry, Michel",USA
Finding Neverland,2004,8,"Forster, Marc",UK / USA
Vera Drake,2004,9,"Leigh, Mike",UK / France / New Zealand
Hotel Rwanda,2004,10,"George, Terry",UK / Italy / South Africa
The Lord of the Rings: Return of the King,2003,1,"Jackson, Peter",USA / New Zealand
Lost in Translation,2003,2,"Coppola, Sofia",USA / Japan
Oldboy,2003,3,"Park, Chan-wook",South Korea
The Barbarian Invasions,2003,4,"Arcand, Denys",Canada / France
Dogville,2003,5,"von Trier, Lars",Denmark / Sweden / France / Norway / Netherlands / Finland / Germany / USA / UK
Mystic River,2003,6,"Eastwood, Clint",USA
Master and Commander: The Far Side of the World,2003,7,"Weir, Peter",USA
Finding Nemo,2003,8,"Stanton, Andrew / Unkrich, Lee",USA
"Good Bye, Lenin!",2003,9,"Becker, Wolfgang",Germany
The Triplets of Belleville,2003,10,"Chomet, Sylvain",France / Belgium / Canada / UK
City of God,2002,1,"Meirelles, Fernando / Lund, Kátia",Brazil / France / USA
The Lord of the Rings: The Two Towers,2002,2,"Jackson, Peter",USA / New Zealand / Germany
The Pianist,2002,3,"Polanski, Roman",Poland / France / UK / Germany / Netherlands
Talk to Her,2002,4,"Almodóvar, Pedro",Spain
Far from Heaven,2002,5,"Haynes, Todd",France / USA
Adaptation.,2002,6,"Jonze, Spike",USA
Gangs of New York,2002,7,"Scorsese, Martin",USA / Germany / Italy / UK / Netherlands
The Hours,2002,8,"Daldry, Stephen",USA
Ten,2002,9,"Kiarostami, Abbas",France / Iran / USA
Chicago,2002,10,"Marshall, Rob",USA / Canada
Y tu mamá también,2001,1,"Cuarón, Alfonso",Mexico / USA
Mulholland Dr.,2001,2,"Lynch, David",France / USA
Spirited Away,2001,3,"Miyazaki, Hayao",Japan
Amélie,2001,4,"Jeunet, Jean-Pierre",France / Germany
The Lord of the Rings: Fellowship of the Ring,2001,5,"Jackson, Peter",New Zealand / USA
Moulin Rouge!,2001,6,"Luhrmann, Baz",Australia / USA
Lagaan,2001,7,"Gowariker, Ashutosh",India
Shrek,2001,8,"Adamson, Andrew / Jenson, Vicky",USA
Gosford Park,2001,9,"Altman, Robert",UK / USA / Germany / Italy
No Man's Land,2001,10,"Tanovic, Danis",Bosnia-Herzegovina / Slovenia / Italy / France / UK / Belgium
"Crouching Tiger, Hidden Dragon",2000,1,"Lee, Ang",Taiwan / Hong Kong / USA / China
In the Mood for Love,2000,2,"Wong, Kar Wai",Hong Kong / France / Thailand
Yi Yi,2000,3,"Yang, Edward",Taiwan / Japan
Gladiator,2000,4,"Scott, Ridley",UK / USA
Amores perros,2000,5,"Iñárritu, Alejandro González",Mexico
Memento,2000,6,"Nolan, Christopher",USA
Traffic,2000,7,"Soderbergh, Steven",Germany / USA
Billy Elliot,2000,8,"Daldry, Stephen",UK / France
Chicken Run,2000,9,"Lord, Peter / Park, Nick",UK
Almost Famous,2000,10,"Crowe, Cameron",USA
American Beauty,1999,1,"Mendes, Sam",USA
All About My Mother,1999,2,"Almodóvar, Pedro",Spain / France
Being John Malkovich,1999,3,"Jonze, Spike",USA
The Insider,1999,4,"Mann, Michael",USA
The Matrix,1999,5,"Wachowski, Andy / Wachowski, Larry",USA
The Sixth Sense,1999,6,"Shyamalan, M. Night",USA
Three Kings,1999,7,"Russell, David O.",USA
Magnolia,1999,8,"Anderson, Paul Thomas",USA
Topsy-Turvy,1999,9,"Leigh, Mike",UK
The Straight Story,1999,10,"Lynch, David",France / UK / USA
Saving Private Ryan,1998,1,"Spielberg, Steven",USA
The Celebration,1998,2,"Vinterberg, Thomas",Denmark / Sweden
Shakespeare in Love,1998,3,"Madden, John",USA / UK
Happiness,1998,4,"Solondz, Todd",USA
The Thin Red Line,1998,5,"Malick, Terrence",Canada / USA
Run Lola Run,1998,6,"Tykwer, Tom",Germany
Central Station,1998,7,"Salles, Walter",Brazil / France
Rushmore,1998,8,"Anderson, Wes",USA
The Truman Show,1998,9,"Weir, Peter",USA
The Idiots,1998,10,"von Trier, Lars",Denmark / Sweden / France / Netherlands / Italy
L.A. Confidential,1997,1,"Hanson, Curtis",USA
Titanic,1997,2,"Cameron, James",USA
Boogie Nights,1997,3,"Anderson, Paul Thomas",USA
The Sweet Hereafter,1997,4,"Egoyan, Atom",Canada
The Full Monty,1997,5,"Cattaneo, Peter",UK
Taste of Cherry,1997,6,"Kiarostami, Abbas",France / Iran
Life Is Beautiful,1997,7,"Benigni, Roberto",Italy
The Butcher Boy,1997,8,"Jordan, Neil",Ireland / USA
As Good as It Gets,1997,9,"Brooks, James L.",USA
Donnie Brasco,1997,10,"Newell, Mike",USA
Fargo,1996,1,"Coen, Joel / Coen, Ethan",USA / UK
Secrets & Lies,1996,2,"Leigh, Mike",France / UK
The English Patient,1996,3,"Minghella, Anthony",USA
Shine,1996,4,"Hicks, Scott",Australia
Breaking the Waves,1996,5,"von Trier, Lars",Denmark / Sweden / France / Netherlands / Norway
Trainspotting,1996,6,"Boyle, Danny",UK
Jerry Maguire,1996,7,"Crowe, Cameron",USA
Kolya,1996,8,"Sverák, Jan",Czech Republic
Lone Star,1996,9,"Sayles, John",USA
The People vs. Larry Flynt,1996,10,"Forman, Milos",Canada / USA
Toy Story,1995,1,"Lasseter, John",USA
The Usual Suspects,1995,2,"Singer, Bryan",USA / Germany
Sense and Sensibility,1995,3,"Lee, Ang",USA / UK
Babe,1995,4,"Noonan, Chris",Australia / USA
Braveheart,1995,5,"Gibson, Mel",USA
Casino,1995,6,"Scorsese, Martin",USA / France
Leaving Las Vegas,1995,6,"Figgis, Mike",France / USA / UK
Apollo 13,1995,7,"Howard, Ron",USA
Seven,1995,8,"Fincher, David",USA
Heat,1995,9,"Mann, Michael",USA
La Cérémonie,1995,10,"Chabrol, Claude",France / Germany
Pulp Fiction,1994,1,"Tarantino, Quentin",USA
Red,1994,2,"Kieslowski, Krzysztof",Poland / France / Switzerland
The Shawshank Redemption,1994,3,"Darabont, Frank",USA
White,1994,4,"Kieslowski, Krzysztof",France / Poland / Switzerland / UK
Forrest Gump,1994,5,"Zemeckis, Robert",USA
Crumb,1994,6,"Zwigoff, Terry",USA
Hoop Dreams,1994,7,"James, Steve",USA
Lamerica,1994,8,"Amelio, Gianni",Italy / France
Four Weddings and a Funeral,1994,9,"Newell, Mike",UK
Quiz Show,1994,10,"Redford, Robert",USA
Schindler's List,1993,1,"Spielberg, Steven",USA
Farewell My Concubine,1993,2,"Chen, Kaige",China / Hong Kong
The Piano,1993,3,"Campion, Jane",Australia / New Zealand / France
Blue,1993,4,"Kieslowski, Krzysztof",France / Poland / Switzerland / UK
Groundhog Day,1993,5,"Ramis, Harold",USA
Short Cuts,1993,6,"Altman, Robert",USA
Jurassic Park,1993,7,"Spielberg, Steven",USA
The Remains of the Day,1993,8,"Ivory, James",UK / USA
The Fugitive,1993,9,"Davis, Andrew",USA
The Age of Innocence,1993,10,"Scorsese, Martin",USA
Unforgiven,1992,1,"Eastwood, Clint",USA
The Player,1992,2,"Altman, Robert",USA
The Crying Game,1992,3,"Jordan, Neil",UK / Japan
Reservoir Dogs,1992,4,"Tarantino, Quentin",USA
Howards End,1992,5,"Ivory, James",UK / Japan
Malcolm X,1992,6,"Lee, Spike",USA
One False Move,1992,7,"Franklin, Carl",USA
The Story of Qiu Ju,1992,8,"Zhang, Yimou",China / Hong Kong
Glengarry Glen Ross,1992,9,"Foley, James",USA
Aladdin,1992,10,"Clements, Ron / Musker, John",USA
Raise the Red Lantern,1991,1,"Zhang, Yimou",China / Hong Kong / Taiwan
The Silence of the Lambs,1991,2,"Demme, Jonathan",USA
Thelma & Louise,1991,3,"Scott, Ridley",USA
Beauty and the Beast,1991,4,"Trousdale, Gary / Wise, Kirk",USA
The Double Life of Véronique,1991,5,"Kieslowski, Krzysztof",France / Poland / Norway
Terminator 2: Judgment Day,1991,6,"Cameron, James",France / USA
La Belle Noiseuse,1991,7,"Rivette, Jacques",France / Switzerland
Delicatessen,1991,8,"Caro, Marc / Jeunet, Jean-Pierre",France
Boyz N the Hood,1991,9,"Singleton, John",USA
JFK,1991,10,"Stone, Oliver",USA / France
GoodFellas,1990,1,"Scorsese, Martin",USA
Cyrano de Bergerac,1990,2,"Rappeneau, Jean-Paul",France
Dances with Wolves,1990,3,"Costner, Kevin",USA
Close-up,1990,4,"Kiarostami, Abbas",Iran
The Grifters,1990,5,"Frears, Stephen",USA
Europa Europa,1990,6,"Holland, Agnieszka",Germany / France / Poland
Miller's Crossing,1990,7,"Coen, Joel / Coen, Ethan",USA
Reversal of Fortune,1990,8,"Schroeder, Barbet",USA / Japan / UK
The Nasty Girl,1990,9,"Verhoeven, Michael",West Germany
Metropolitan,1990,10,"Stillman, Whit",USA
Do the Right Thing,1989,1,"Lee, Spike",USA
Dekalog,1989,2,"Kieslowski, Krzysztof",Poland
Crimes and Misdemeanors,1989,3,"Allen, Woody",USA
When Harry Met Sally,1989,4,"Reiner, Rob",USA
Field of Dreams,1989,5,"Robinson, Phil Alden",USA
"sex, lies, and videotape",1989,6,"Soderbergh, Steven",USA
Born on the Fourth of July,1989,7,"Stone, Oliver",USA
My Left Foot,1989,8,"Sheridan, Jim",Ireland / UK
Drugstore Cowboy,1989,9,"Van Sant, Gus",USA
The Killer,1989,10,"Woo, John",Hong Kong
Cinema Paradiso,1988,1,"Tornatore, Giuseppe",Italy / France
Women on the Verge of a Nervous Breakdown,1988,2,"Almodóvar, Pedro",Spain
Who Framed Roger Rabbit,1988,3,"Zemeckis, Robert",USA
Dangerous Liaisons,1988,4,"Frears, Stephen",USA / UK
Die Hard,1988,5,"McTiernan, John",USA
Bull Durham,1988,6,"Shelton, Ron",USA
Landscape in the Mist,1988,7,"Angelopoulos, Theo",France / Greece / Italy
The Thin Blue Line,1988,8,"Morris, Errol",USA
Rain Man,1988,9,"Levinson, Barry",USA
Salaam Bombay!,1988,10,"Nair, Mira",UK / India / France
Wings of Desire,1987,1,"Wenders, Wim",West Germany / France
"Au Revoir, Les Enfants",1987,2,"Malle, Louis",France / West Germany
The Last Emperor,1987,3,"Bertolucci, Bernardo",France / Italy / UK
The Dead,1987,4,"Huston, John",UK
Broadcast News,1987,5,"Brooks, James L.",USA
Hope and Glory,1987,6,"Boorman, John",UK
Yeelen,1987,7,"Cissé, Souleymane",Mali / Burkina Faso / France / West Germany
Moonstruck,1987,8,"Jewison, Norman",USA
Babette's Feast,1987,9,"Axel, Gabriel",Denmark
Pelle the Conqueror,1987,10,"August, Bille",Denmark / Sweden
Blue Velvet,1986,1,"Lynch, David",USA
Hannah and Her Sisters,1986,2,"Allen, Woody",USA
Platoon,1986,3,"Stone, Oliver",USA
Jean de Florette,1986,4,"Berri, Claude",France / Switzerland / Italy
Manon of the Spring,1986,5,"Berri, Claude",Italy / France / Switzerland
Aliens,1986,6,"Cameron, James",USA / UK
The Fly,1986,7,"Cronenberg, David",USA
Stand by Me,1986,8,"Reiner, Rob",USA
'Round Midnight,1986,9,"Tavernier, Bertrand",USA / France
Sherman's March,1986,10,"McElwee, Ross",USA
Ran,1985,1,"Kurosawa, Akira",Japan / France
Shoah,1985,2,"Lanzmann, Claude",France
A Room with a View,1985,3,"Ivory, James",UK
Come and See,1985,4,"Klimov, Elem",Soviet Union
Back to the Future,1985,5,"Zemeckis, Robert",USA
Witness,1985,6,"Weir, Peter",USA
Brazil,1985,7,"Gilliam, Terry",UK
Prizzi's Honor,1985,8,"Huston, John",USA
Out of Africa,1985,9,"Pollack, Sydney",USA
Tampopo,1985,10,"Itami, Juzo",Japan
Amadeus,1984,1,"Forman, Milos",USA
"Paris, Texas",1984,2,"Wenders, Wim",UK / France / West Germany / USA
The Killing Fields,1984,3,"Joffé, Roland",UK
This Is Spinal Tap,1984,4,"Reiner, Rob",USA
The Terminator,1984,5,"Cameron, James",USA
Once Upon a Time in America,1984,6,"Leone, Sergio",Italy / USA
Stranger Than Paradise,1984,7,"Jarmusch, Jim",USA / West Germany
A Sunday in the Country,1984,8,"Tavernier, Bertrand",France
Heimat,1984,9,"Reitz, Edgar",West Germany
A Passage to India,1984,10,"Lean, David",UK / USA
The Right Stuff,1983,1,"Kaufman, Philip",USA
The Dresser,1983,2,"Yates, Peter",UK
The Big Chill,1983,3,"Kasdan, Lawrence",USA
Terms of Endearment,1983,4,"Brooks, James L.",USA
L'Argent,1983,5,"Bresson, Robert",France / Switzerland
Scarface,1983,6,"De Palma, Brian",USA
The Fourth Man,1983,7,"Verhoeven, Paul",Netherlands
Local Hero,1983,8,"Forsyth, Bill",UK
El Norte,1983,9,"Nava, Gregory",USA / UK
Silkwood,1983,10,"Nichols, Mike",USA
E.T. The Extra-Terrestrial,1982,1,"Spielberg, Steven",USA
Fanny & Alexander,1982,2,"Bergman, Ingmar",Sweden / France / West Germany
Blade Runner,1982,3,"Scott, Ridley",USA
Tootsie,1982,4,"Pollack, Sydney",USA
The King of Comedy,1982,5,"Scorsese, Martin",USA
Fitzcarraldo,1982,6,"Herzog, Werner",Peru / West Germany
Diner,1982,7,"Levinson, Barry",USA
Gandhi,1982,8,"Attenborough, Richard",UK / India
The Verdict,1982,9,"Lumet, Sidney",USA
Night of the Shooting Stars,1982,10,"Taviani, Paolo / Taviani, Vittorio",Italy
Raiders of the Lost Ark,1981,1,"Spielberg, Steven",USA
Chariots of Fire,1981,2,"Hudson, Hugh",UK
Reds,1981,3,"Beatty, Warren",USA
Das Boot,1981,4,"Petersen, Wolfgang",West Germany
Pixote,1981,5,"Babenco, Hector",Brazil
Diva,1981,6,"Beineix, Jean-Jacques",France
The Road Warrior,1981,7,"Miller, George",Australia
Gallipoli,1981,8,"Weir, Peter",Australia
Mephisto,1981,9,"Szabó, István",West Germany / Hungary / Austria
Man of Iron,1981,10,"Wajda, Andrzej",Poland
Raging Bull,1980,1,"Scorsese, Martin",USA
Atlantic City,1980,2,"Malle, Louis",USA / Canada / France
Airplane!,1980,3,"Abrahams, Jim / Zucker, David / Zucker, Jerry",USA
The Elephant Man,1980,4,"Lynch, David",UK / USA
The Big Red One,1980,5,"Fuller, Samuel",USA
Star Wars: Episode V - The Empire Strikes Back,1980,6,"Kershner, Irvin",USA
The Shining,1980,7,"Kubrick, Stanley",UK
Ordinary People,1980,8,"Redford, Robert",USA
Kagemusha,1980,9,"Kurosawa, Akira",Japan
Mon Oncle d'Amérique,1980,10,"Resnais, Alain",France
Apocalypse Now,1979,1,"Coppola, Francis Ford",USA
Manhattan,1979,2,"Allen, Woody",USA
Alien,1979,3,"Scott, Ridley",UK
Kramer vs. Kramer,1979,4,"Benton, Robert",USA
The Marriage of Maria Braun,1979,5,"Fassbinder, Rainer Werner",West Germany
Being There,1979,6,"Ashby, Hal",USA / UK / West Germany / Japan
All That Jazz,1979,7,"Fosse, Bob",USA
The Tin Drum,1979,8,"Schlöndorff, Volker",West Germany / France / Poland / Yugoslavia
Breaking Away,1979,9,"Yates, Peter",USA
Monty Python's Life of Brian,1979,10,"Jones, Terry",UK
The Deer Hunter,1978,1,"Cimino, Michael",USA
Days of Heaven,1978,2,"Malick, Terrence",USA
Halloween,1978,3,"Carpenter, John",USA
Killer of Sheep,1978,4,"Burnett, Charles",USA
The Tree of Wooden Clogs,1978,5,"Olmi, Ermanno",Italy / France
Dawn of the Dead,1978,6,"Romero, George A.",Italy / USA
Superman,1978,7,"Donner, Richard",UK
The Last Waltz,1978,8,"Scorsese, Martin",USA
Grease,1978,9,"Kleiser, Randal",USA
National Lampoon's Animal House,1978,10,"Landis, John",USA
Annie Hall,1977,1,"Allen, Woody",USA
Star Wars: Episode IV - A New Hope,1977,2,"Lucas, George",USA
Close Encounters of the Third Kind,1977,3,"Spielberg, Steven",USA
Saturday Night Fever,1977,4,"Badham, John",USA
That Obscure Object of Desire,1977,5,"Buñuel, Luis",France / Spain
The American Friend,1977,6,"Wenders, Wim",West Germany / France
Suspiria,1977,7,"Argento, Dario",Italy / West Germany
Eraserhead,1977,8,"Lynch, David",USA
Julia,1977,9,"Zinnemann, Fred",USA
Soldier of Orange,1977,10,"Verhoeven, Paul",Belgium / Netherlands
Taxi Driver,1976,1,"Scorsese, Martin",USA
All the President's Men,1976,2,"Pakula, Alan J.",USA
Network,1976,3,"Lumet, Sidney",USA
Rocky,1976,4,"Avildsen, John G.",USA
Cría cuervos,1976,5,"Saura, Carlos",Spain
1900,1976,6,"Bertolucci, Bernardo",France / Italy / West Germany
The Shootist,1976,7,"Siegel, Don",USA
The Outlaw Josey Wales,1976,8,"Eastwood, Clint",USA
In the Realm of the Senses,1976,9,"Oshima, Nagisa",Japan / France
Carrie,1976,10,"De Palma, Brian",USA
Nashville,1975,1,"Altman, Robert",USA
One Flew Over the Cuckoo's Nest,1975,2,"Forman, Milos",USA
Jaws,1975,3,"Spielberg, Steven",USA
Barry Lyndon,1975,4,"Kubrick, Stanley",UK
Dog Day Afternoon,1975,5,"Lumet, Sidney",USA
Picnic at Hanging Rock,1975,6,"Weir, Peter",Australia
Monty Python and the Holy Grail,1975,7,"Gilliam, Terry / Jones, Terry",UK
Night Moves,1975,8,"Penn, Arthur",USA
Smile,1975,9,"Ritchie, Michael",USA
The Man Who Would Be King,1975,10,"Huston, John",UK / USA
Chinatown,1974,1,"Polanski, Roman",USA
The Godfather Part II,1974,2,"Coppola, Francis Ford",USA
The Conversation,1974,3,"Coppola, Francis Ford",USA
Celine and Julie Go Boating,1974,4,"Rivette, Jacques",France
The Enigma of Kaspar Hauser,1974,5,"Herzog, Werner",West Germany
Young Frankenstein,1974,6,"Brooks, Mel",USA
Lacombe Lucien,1974,7,"Malle, Louis",France / West Germany / Italy
A Woman Under the Influence,1974,8,"Cassavetes, John",USA
Ali: Fear Eats the Soul,1974,9,"Fassbinder, Rainer Werner",West Germany
Blazing Saddles,1974,10,"Brooks, Mel",USA
The Spirit of the Beehive,1973,1,"Erice, Víctor",Spain
Day for Night,1973,2,"Truffaut, François",France / Italy
American Graffiti,1973,3,"Lucas, George",USA
The Exorcist,1973,4,"Friedkin, William",USA
Mean Streets,1973,5,"Scorsese, Martin",USA
Badlands,1973,6,"Malick, Terrence",USA
Amarcord,1973,7,"Fellini, Federico",Italy / France
Don't Look Now,1973,8,"Roeg, Nicolas",Italy / UK
The Sting,1973,9,"Hill, George Roy",USA
The Long Goodbye,1973,10,"Altman, Robert",USA
The Godfather,1972,1,"Coppola, Francis Ford",USA
"Aguirre, The Wrath of God",1972,2,"Herzog, Werner",West Germany / Peru / Mexico
The Discreet Charm of the Bourgeoisie,1972,3,"Buñuel, Luis",France / Italy / Spain
Cabaret,1972,4,"Fosse, Bob",USA
Solaris,1972,5,"Tarkovsky, Andrei",Soviet Union
Deliverance,1972,6,"Boorman, John",USA
Cries and Whispers,1972,7,"Bergman, Ingmar",Sweden
Last Tango in Paris,1972,8,"Bertolucci, Bernardo",Italy / France
Fat City,1972,9,"Huston, John",USA
Frenzy,1972,10,"Hitchcock, Alfred",UK
The French Connection,1971,1,"Friedkin, William",USA
The Last Picture Show,1971,2,"Bogdanovich, Peter",USA
A Clockwork Orange,1971,3,"Kubrick, Stanley",UK
McCabe & Mrs. Miller,1971,4,"Altman, Robert",USA
Murmur of the Heart,1971,5,"Malle, Louis",France / Italy / West Germany
Dirty Harry,1971,6,"Siegel, Don",USA
Walkabout,1971,7,"Roeg, Nicolas",UK
Klute,1971,8,"Pakula, Alan J.",USA
Death in Venice,1971,9,"Visconti, Luchino",Italy / France
The Go-Between,1971,10,"Losey, Joseph",UK
The Conformist,1970,1,"Bertolucci, Bernardo",Italy / France / West Germany
M*A*S*H,1970,2,"Altman, Robert",USA
Five Easy Pieces,1970,3,"Rafelson, Bob",USA
Tristana,1970,4,"Buñuel, Luis",France / Italy / Spain
Le Boucher,1970,5,"Chabrol, Claude",France / Italy
Patton,1970,6,"Schaffner, Franklin J.",USA
Woodstock,1970,7,"Wadleigh, Michael",USA
The Garden of the Finzi-Continis,1970,8,"De Sica, Vittorio",Italy / West Germany
Claire's Knee,1970,9,"Rohmer, Eric",France
Little Big Man,1970,10,"Penn, Arthur",USA
The Wild Bunch,1969,1,"Peckinpah, Sam",USA
Midnight Cowboy,1969,2,"Schlesinger, John",USA
Butch Cassidy and the Sundance Kid,1969,3,"Hill, George Roy",USA
Easy Rider,1969,4,"Hopper, Dennis",USA
Z,1969,5,Costa-Gavras,Algeria / France
Kes,1969,6,"Loach, Ken",UK
The Sorrow and the Pity,1969,7,"Ophüls, Marcel",France / Switzerland / West Germany
My Night at Maud's,1969,8,"Rohmer, Eric",France
"They Shoot Horses, Don't They?",1969,9,"Pollack, Sydney",USA
Army of Shadows,1969,10,"Melville, Jean-Pierre",France / Italy
2001: A Space Odyssey,1968,1,"Kubrick, Stanley",UK / USA
Once Upon a Time in the West,1968,2,"Leone, Sergio",Italy / USA
Night of the Living Dead,1968,3,"Romero, George A.",USA
If...,1968,4,"Anderson, Lindsay",UK
Faces,1968,5,"Cassavetes, John",USA
Rosemary's Baby,1968,6,"Polanski, Roman",USA
Shame,1968,7,"Bergman, Ingmar",Sweden
Planet of the Apes,1968,8,"Schaffner, Franklin J.",USA
Stolen Kisses,1968,9,"Truffaut, François",France
Bullitt,1968,10,"Yates, Peter",USA
Bonnie and Clyde,1967,1,"Penn, Arthur",USA
Belle de jour,1967,2,"Buñuel, Luis",France / Italy
The Graduate,1967,3,"Nichols, Mike",USA
Playtime,1967,4,"Tati, Jacques",France / Italy
The Producers,1967,5,"Brooks, Mel",USA
In the Heat of the Night,1967,6,"Jewison, Norman",USA
Le Samouraï,1967,7,"Melville, Jean-Pierre",France / Italy
Weekend,1967,8,"Godard, Jean-Luc",Italy / France
Cool Hand Luke,1967,9,"Rosenberg, Stuart",USA
Point Blank,1967,10,"Boorman, John",USA
Persona,1966,1,"Bergman, Ingmar",Sweden
Blow-Up,1966,2,"Antonioni, Michelangelo",UK / Italy
"The Good, the Bad, and the Ugly",1966,3,"Leone, Sergio",Italy / Spain
Andrei Roublev,1966,4,"Tarkovsky, Andrei",Soviet Union
Closely Watched Trains,1966,5,"Menzel, Jirí",Czechoslovakia
Who's Afraid of Virginia Woolf?,1966,6,"Nichols, Mike",USA
Au hasard Balthazar,1966,7,"Bresson, Robert",France / Sweden
A Man for All Seasons,1966,8,"Zinnemann, Fred",UK
War and Peace,1966,9,"Bondarchuk, Sergei",Soviet Union
"Masculin, féminin",1966,10,"Godard, Jean-Luc",France / Sweden
The Battle of Algiers,1965,1,"Pontecorvo, Gillo",Algeria / Italy
The Sound of Music,1965,2,"Wise, Robert",USA
Doctor Zhivago,1965,3,"Lean, David",USA
Repulsion,1965,4,"Polanski, Roman",UK
Loves of a Blonde,1965,5,"Forman, Milos",Czechoslovakia
Pierrot le fou,1965,6,"Godard, Jean-Luc",France / Italy
Darling,1965,7,"Schlesinger, John",UK
Chimes at Midnight,1965,8,"Welles, Orson",Spain / Switzerland
Shadows of Forgotten Ancestors,1965,9,"Parajanov, Sergei",Soviet Union
Juliet of the Spirits,1965,10,"Fellini, Federico",Italy / France / West Germany
Dr. Strangelove or: How I Learned to Stop Worrying and Love the Bomb,1964,1,"Kubrick, Stanley",UK
A Hard Day's Night,1964,2,"Lester, Richard",UK
My Fair Lady,1964,3,"Cukor, George",USA
The Gospel According to St. Matthew,1964,4,"Pasolini, Pier Paolo",France / Italy
Goldfinger,1964,5,"Hamilton, Guy",UK
The Umbrellas of Cherbourg,1964,6,"Demy, Jacques",France / West Germany
Woman in the Dunes,1964,7,"Teshigahara, Hiroshi",Japan
Mary Poppins,1964,8,"Stevenson, Robert",USA
Gertrud,1964,9,"Dreyer, Carl Theodor",Denmark
Band of Outsiders,1964,10,"Godard, Jean-Luc",France
8 1/2,1963,1,"Fellini, Federico",Italy / France
Contempt,1963,2,"Godard, Jean-Luc",France / Italy
Tom Jones,1963,3,"Richardson, Tony",UK
The Leopard,1963,4,"Visconti, Luchino",Italy / France
The Birds,1963,5,"Hitchcock, Alfred",USA
Hud,1963,6,"Ritt, Martin",USA
Shock Corridor,1963,7,"Fuller, Samuel",USA
The Great Escape,1963,8,"Sturges, John",USA
This Sporting Life,1963,9,"Anderson, Lindsay",UK
Billy Liar,1963,10,"Schlesinger, John",UK
Lawrence of Arabia,1962,1,"Lean, David",UK
Jules and Jim,1962,2,"Truffaut, François",France
The Manchurian Candidate,1962,3,"Frankenheimer, John",USA
To Kill a Mockingbird,1962,4,"Mulligan, Robert",USA
Knife in the Water,1962,5,"Polanski, Roman",Poland
The Man Who Shot Liberty Valance,1962,6,"Ford, John",USA
L'Eclisse,1962,7,"Antonioni, Michelangelo",Italy / France
Vivre sa vie,1962,8,"Godard, Jean-Luc",France
The Exterminating Angel,1962,9,"Buñuel, Luis",Mexico
What Ever Happened to Baby Jane?,1962,10,"Aldrich, Robert",USA
West Side Story,1961,1,"Robbins, Jerome / Wise, Robert",USA
Viridiana,1961,2,"Buñuel, Luis",Mexico / Spain
The Hustler,1961,3,"Rossen, Robert",USA
Last Year at Marienbad,1961,4,"Resnais, Alain",France / Italy
Yojimbo,1961,5,"Kurosawa, Akira",Japan
Through a Glass Darkly,1961,6,"Bergman, Ingmar",Sweden
Breakfast at Tiffany's,1961,7,"Edwards, Blake",USA
A Taste of Honey,1961,8,"Richardson, Tony",UK
Lola,1961,9,"Demy, Jacques",Italy / France
La Notte,1961,10,"Antonioni, Michelangelo",Italy / France
Psycho,1960,1,"Hitchcock, Alfred",USA
Breathless,1960,2,"Godard, Jean-Luc",France
La Dolce Vita,1960,3,"Fellini, Federico",Italy / France
L'Avventura,1960,4,"Antonioni, Michelangelo",Italy / France
The Apartment,1960,5,"Wilder, Billy",USA
Rocco and His Brothers,1960,6,"Visconti, Luchino",France / Italy
Spartacus,1960,7,"Kubrick, Stanley",USA
Saturday Night and Sunday Morning,1960,8,"Reisz, Karel",UK
Peeping Tom,1960,9,"Powell, Michael",UK
Shoot the Piano Player,1960,10,"Truffaut, François",France
The 400 Blows,1959,1,"Truffaut, François",France
Some Like It Hot,1959,2,"Wilder, Billy",USA
The World of Apu,1959,3,"Ray, Satyajit",India
North by Northwest,1959,4,"Hitchcock, Alfred",USA
Ben-Hur,1959,5,"Wyler, William",USA
Anatomy of a Murder,1959,6,"Preminger, Otto",USA
Hiroshima Mon Amour,1959,7,"Resnais, Alain",France / Japan
Rio Bravo,1959,8,"Hawks, Howard",USA
Pickpocket,1959,9,"Bresson, Robert",France
Room at the Top,1959,10,"Clayton, Jack",UK
Vertigo,1958,1,"Hitchcock, Alfred",USA
Touch of Evil,1958,2,"Welles, Orson",USA
Ashes and Diamonds,1958,3,"Wajda, Andrzej",Poland
Gigi,1958,4,"Minnelli, Vincente",USA
Mon oncle,1958,5,"Tati, Jacques",Italy / France
The Defiant Ones,1958,6,"Kramer, Stanley",USA
A Night to Remember,1958,7,"Baker, Roy Ward",UK
Cat on a Hot Tin Roof,1958,8,"Brooks, Richard",USA
"Ivan the Terrible, Part Two",1958,9,"Eisenstein, Sergei M. / Filimonova, M.",Soviet Union
Horror of Dracula,1958,10,"Fisher, Terence",UK
The Seventh Seal,1957,1,"Bergman, Ingmar",Sweden
The Bridge on the River Kwai,1957,2,"Lean, David",UK / USA
Sweet Smell of Success,1957,3,"Mackendrick, Alexander",USA
Paths of Glory,1957,4,"Kubrick, Stanley",USA
12 Angry Men,1957,5,"Lumet, Sidney",USA
Throne of Blood,1957,6,"Kurosawa, Akira",Japan
Wild Strawberries,1957,7,"Bergman, Ingmar",Sweden
Nights of Cabiria,1957,8,"Fellini, Federico",Italy / France
A Face in the Crowd,1957,9,"Kazan, Elia",USA
Funny Face,1957,10,"Donen, Stanley",USA
The Searchers,1956,1,"Ford, John",USA
Aparajito,1956,2,"Ray, Satyajit",India
Invasion of the Body Snatchers,1956,3,"Siegel, Don",USA
Written on the Wind,1956,4,"Sirk, Douglas",USA
Giant,1956,5,"Stevens, George",USA
A Man Escaped,1956,6,"Bresson, Robert",France
Bob le flambeur,1956,7,"Melville, Jean-Pierre",France
The Burmese Harp,1956,8,"Ichikawa, Kon",Japan
The Ten Commandments,1956,9,"DeMille, Cecil B.",USA
The Killing,1956,10,"Kubrick, Stanley",USA
Pather Panchali,1955,1,"Ray, Satyajit",India
The Night of the Hunter,1955,2,"Laughton, Charles",USA
Rebel Without a Cause,1955,3,"Ray, Nicholas",USA
Smiles of a Summer Night,1955,4,"Bergman, Ingmar",Sweden
Diabolique,1955,5,"Clouzot, Henri-Georges",France
Marty,1955,6,"Mann, Delbert",USA
Bad Day at Black Rock,1955,7,"Sturges, John",USA
Rififi,1955,8,"Dassin, Jules",France
Kiss Me Deadly,1955,9,"Aldrich, Robert",USA
East of Eden,1955,10,"Kazan, Elia",USA
Seven Samurai,1954,1,"Kurosawa, Akira",Japan
On the Waterfront,1954,2,"Kazan, Elia",USA
Rear Window,1954,3,"Hitchcock, Alfred",USA
Sansho the Bailiff,1954,4,"Mizoguchi, Kenji",Japan
La Strada,1954,5,"Fellini, Federico",Italy
Johnny Guitar,1954,6,"Ray, Nicholas",USA
A Star Is Born,1954,7,"Cukor, George",USA
Seven Brides for Seven Brothers,1954,8,"Donen, Stanley",USA
Senso,1954,9,"Visconti, Luchino",Italy
Carmen Jones,1954,10,"Preminger, Otto",USA
Tokyo Story,1953,1,"Ozu, Yasujiro",Japan
Ugetsu,1953,2,"Mizoguchi, Kenji",Japan
Monsieur Hulot's Holiday,1953,3,"Tati, Jacques",France
The Wages of Fear,1953,4,"Clouzot, Henri-Georges",France / Italy
Shane,1953,5,"Stevens, George",USA
From Here to Eternity,1953,6,"Zinnemann, Fred",USA
The Earrings of Madame de...,1953,7,"Ophüls, Max",France / Italy
The Band Wagon,1953,8,"Minnelli, Vincente",USA
Roman Holiday,1953,9,"Wyler, William",USA
The Big Heat,1953,10,"Lang, Fritz",USA
Singin' in the Rain,1952,1,"Kelly, Gene / Donen, Stanley",USA
Ikiru,1952,2,"Kurosawa, Akira",Japan
High Noon,1952,3,"Zinnemann, Fred",USA
Forbidden Games,1952,4,"Clément, René",France
The Quiet Man,1952,5,"Ford, John",USA
Umberto D.,1952,6,"De Sica, Vittorio",Italy
The Bad and the Beautiful,1952,7,"Minnelli, Vincente",USA
The Golden Coach,1952,8,"Renoir, Jean",France / Italy
Europa '51,1952,9,"Rossellini, Roberto",Italy
Limelight,1952,10,"Chaplin, Charles",USA
A Streetcar Named Desire,1951,1,"Kazan, Elia",USA
Diary of a Country Priest,1951,2,"Bresson, Robert",France
An American in Paris,1951,3,"Minnelli, Vincente",USA
The African Queen,1951,4,"Huston, John",UK / USA
Strangers on a Train,1951,5,"Hitchcock, Alfred",USA
The Lavender Hill Mob,1951,6,"Crichton, Charles",UK
A Place in the Sun,1951,7,"Stevens, George",USA
Ace in the Hole,1951,8,"Wilder, Billy",USA
The Day the Earth Stood Still,1951,9,"Wise, Robert",USA
The River,1951,10,"Renoir, Jean",France / India / USA
Rashômon,1950,1,"Kurosawa, Akira",Japan
All About Eve,1950,2,"Mankiewicz, Joseph L.",USA
Sunset Boulevard,1950,3,"Wilder, Billy",USA
Los Olvidados,1950,4,"Buñuel, Luis",Mexico
Orpheus,1950,5,"Cocteau, Jean",France
The Asphalt Jungle,1950,6,"Huston, John",USA
In a Lonely Place,1950,7,"Ray, Nicholas",USA
Born Yesterday,1950,8,"Cukor, George",USA
Gun Crazy,1950,9,"Lewis, Joseph H.",USA
Winchester '73,1950,10,"Mann, Anthony",USA
The Third Man,1949,1,"Reed, Carol",UK
Kind Hearts and Coronets,1949,2,"Hamer, Robert",UK
White Heat,1949,3,"Walsh, Raoul",USA
All the King's Men,1949,4,"Rossen, Robert",USA
On the Town,1949,5,"Kelly, Gene / Donen, Stanley",USA
The Heiress,1949,6,"Wyler, William",USA
Adam's Rib,1949,7,"Cukor, George",USA
Twelve O'Clock High,1949,8,"King, Henry",USA
Whisky Galore!,1949,9,"Mackendrick, Alexander",UK
Late Spring,1949,10,"Ozu, Yasujiro",Japan
Bicycle Thieves,1948,1,"De Sica, Vittorio",Italy
The Treasure of the Sierra Madre,1948,2,"Huston, John",USA
Red River,1948,3,"Hawks, Howard / Rosson, Arthur",USA
The Red Shoes,1948,4,"Powell, Michael / Pressburger, Emeric",UK
Letter from an Unknown Woman,1948,5,"Ophüls, Max",USA
Force of Evil,1948,6,"Polonsky, Abraham",USA
Oliver Twist,1948,7,"Lean, David",UK
Hamlet,1948,8,"Olivier, Laurence",UK
The Snake Pit,1948,9,"Litvak, Anatole",USA
The Fallen Idol,1948,10,"Reed, Carol",UK
Out of the Past,1947,1,"Tourneur, Jacques",USA
Odd Man Out,1947,2,"Reed, Carol",UK
Black Narcissus,1947,3,"Powell, Michael / Pressburger, Emeric",UK
Crossfire,1947,4,"Dmytryk, Edward",USA
Monsieur Verdoux,1947,5,"Chaplin, Charles",USA
The Lady from Shanghai,1947,6,"Welles, Orson",USA
Miracle on 34th Street,1947,7,"Seaton, George",USA
Gentleman's Agreement,1947,8,"Kazan, Elia",USA
Body and Soul,1947,9,"Rossen, Robert",USA
Boomerang!,1947,10,"Kazan, Elia",USA
It's a Wonderful Life,1946,1,"Capra, Frank",USA
The Best Years of Our Lives,1946,2,"Wyler, William",USA
Beauty and the Beast,1946,3,"Cocteau, Jean / Clément, René",France / Luxembourg
Notorious,1946,4,"Hitchcock, Alfred",USA
My Darling Clementine,1946,5,"Ford, John",USA
Great Expectations,1946,6,"Lean, David",UK
The Big Sleep,1946,7,"Hawks, Howard",USA
A Matter of Life and Death,1946,8,"Powell, Michael / Pressburger, Emeric",UK
The Killers,1946,9,"Siodmak, Robert",USA
Paisan,1946,10,"Rossellini, Roberto",Italy
Children of Paradise,1945,1,"Carné, Marcel",France
Rome Open City,1945,2,"Rossellini, Roberto",Italy
The Lost Weekend,1945,3,"Wilder, Billy",USA
Brief Encounter,1945,4,"Lean, David",UK
Mildred Pierce,1945,5,"Curtiz, Michael",USA
"Ivan the Terrible, Part One",1945,6,"Eisenstein, Sergei M.",Soviet Union
Detour,1945,7,"Ulmer, Edgar G.",USA
I Know Where I'm Going!,1945,8,"Powell, Michael / Pressburger, Emeric",UK
Dead of Night,1945,9,"Cavalcanti, Alberto / Crichton, Charles / Dearden, Basil / Hamer, Robert",UK
Spellbound,1945,10,"Hitchcock, Alfred",USA
Double Indemnity,1944,1,"Wilder, Billy",USA
Meet Me in St. Louis,1944,2,"Minnelli, Vincente",USA
Laura,1944,3,"Preminger, Otto / Mamoulian, Rouben",USA
Henry V,1944,4,"Olivier, Laurence",UK
The Miracle of Morgan's Creek,1944,5,"Sturges, Preston",USA
To Have and Have Not,1944,6,"Hawks, Howard",USA
Going My Way,1944,7,"McCarey, Leo",USA
Hail the Conquering Hero,1944,8,"Sturges, Preston",USA
Gaslight,1944,9,"Cukor, George",USA
"Murder, My Sweet",1944,10,"Dmytryk, Edward",USA
The Life and Death of Colonel Blimp,1943,1,"Powell, Michael / Pressburger, Emeric",UK
Shadow of a Doubt,1943,2,"Hitchcock, Alfred",USA
The Ox-Bow Incident,1943,3,"Wellman, William A.",USA
Ossessione,1943,4,"Visconti, Luchino",Italy
Day of Wrath,1943,5,"Dreyer, Carl Theodor",Denmark
I Walked with a Zombie,1943,6,"Tourneur, Jacques",USA
The More the Merrier,1943,7,"Stevens, George",USA
For Whom the Bell Tolls,1943,8,"Wood, Sam",USA
Watch on the Rhine,1943,9,"Shumlin, Herman / Mohr, Hal",USA
The Song of Bernadette,1943,10,"King, Henry",USA
Casablanca,1942,1,"Curtiz, Michael",USA
The Magnificent Ambersons,1942,2,"Welles, Orson",USA
To Be or Not to Be,1942,3,"Lubitsch, Ernst",USA
Bambi,1942,4,"Hand, David / Algar, James / Armstrong, Samuel / Heid, Graham / Pearce, Perce / Roberts, Bill / Satterfield, Paul / Wright, Norman",USA
Yankee Doodle Dandy,1942,5,"Curtiz, Michael",USA
"Now, Voyager",1942,6,"Rapper, Irving",USA
The Palm Beach Story,1942,7,"Sturges, Preston",USA
Cat People,1942,8,"Tourneur, Jacques",USA
Woman of the Year,1942,9,"Stevens, George",USA
Kings Row,1942,10,"Wood, Sam",USA
Citizen Kane,1941,1,"Welles, Orson",USA
The Maltese Falcon,1941,2,"Huston, John",USA
The Lady Eve,1941,3,"Sturges, Preston",USA
Sullivan's Travels,1941,4,"Sturges, Preston",USA
How Green Was My Valley,1941,5,"Ford, John",USA
Dumbo,1941,6,"Sharpsteen, Ben / Armstrong, Samuel / Ferguson, Norman / Jackson, Wilfred / Kinney, Jack / Roberts, Bill",USA
Here Comes Mr. Jordan,1941,7,"Hall, Alexander",USA
The Little Foxes,1941,8,"Wyler, William",USA
Sergeant York,1941,9,"Hawks, Howard",USA
High Sierra,1941,10,"Walsh, Raoul",USA
The Grapes of Wrath,1940,1,"Ford, John",USA
His Girl Friday,1940,2,"Hawks, Howard",USA
Pinocchio,1940,3,"Luske, Hamilton / Sharpsteen, Ben",USA
Rebecca,1940,4,"Hitchcock, Alfred",USA
The Philadelphia Story,1940,5,"Cukor, George",USA
The Bank Dick,1940,6,"Cline, Edward F.",USA
Fantasia,1940,7,"Algar, James / Armstrong, Samuel / Beebe, Ford / Ferguson, Norman / Handley, Jim / Hee, T. / Jackson, Wilfred / Luske, Hamilton / Roberts, Bill / Satterfield, Paul / Sharpsteen, Ben",USA
The Great Dictator,1940,8,"Chaplin, Charles",USA
The Thief of Bagdad,1940,9,"Berger, Ludwig / Powell, Michael / Whelan, Tim / Korda, Alexander / Korda, Zoltan / Menzies, William Cameron",UK / USA
The Shop around the Corner,1940,10,"Lubitsch, Ernst",USA
The Rules of the Game,1939,1,"Renoir, Jean",France
Gone with the Wind,1939,2,"Fleming, Victor",USA
The Wizard of Oz,1939,3,"Fleming, Victor / Vidor, King / Cukor, George / LeRoy, Mervyn",USA
Stagecoach,1939,4,"Ford, John",USA
Mr. Smith Goes to Washington,1939,5,"Capra, Frank",USA
Ninotchka,1939,6,"Lubitsch, Ernst",USA
Le Jour se lève,1939,7,"Carné, Marcel",France
Wuthering Heights,1939,8,"Wyler, William",USA
The Women,1939,9,"Cukor, George",USA
Destry Rides Again,1939,10,"Marshall, George",USA
Bringing Up Baby,1938,1,"Hawks, Howard",USA
The Adventures of Robin Hood,1938,2,"Curtiz, Michael / Keighley, William",USA
Jezebel,1938,3,"Wyler, William",USA
Alexander Nevsky,1938,4,"Eisenstein, Sergei M. / Vasilyev, Dmitri",Soviet Union
Olympia Part One: Festival of the Nations,1938,5,"Riefenstahl, Leni",Germany
Pygmalion,1938,6,"Asquith, Anthony / Howard, Leslie",UK
Olympia Part Two: Festival of Beauty,1938,7,"Riefenstahl, Leni",Germany
The Lady Vanishes,1938,8,"Hitchcock, Alfred",UK
Angels with Dirty Faces,1938,9,"Curtiz, Michael",USA
The Baker's Wife,1938,10,"Pagnol, Marcel",France
Grand Illusion,1937,1,"Renoir, Jean",France
Snow White and the Seven Dwarfs,1937,2,"Hand, David",USA
The Life of Emile Zola,1937,3,"Dieterle, William",USA
The Awful Truth,1937,4,"McCarey, Leo",USA
Make Way for Tomorrow,1937,5,"McCarey, Leo",USA
The Good Earth,1937,6,"Fleming, Victor / Franklin, Sidney / Machatý, Gustav",USA
Stage Door,1937,7,"La Cava, Gregory",USA
A Star Is Born,1937,8,"Wellman, William A. / Conway, Jack",USA
The Prisoner of Zenda,1937,9,"Cromwell, John / Cukor, George / Van Dyke, W.S.",USA
Lost Horizon,1937,10,"Capra, Frank",USA
Modern Times,1936,1,"Chaplin, Charles",USA
Dodsworth,1936,2,"Wyler, William",USA
Swing Time,1936,3,"Stevens, George",USA
Mr. Deeds Goes to Town,1936,4,"Capra, Frank",USA
My Man Godfrey,1936,5,"La Cava, Gregory",USA
Camille,1936,6,"Cukor, George",USA
Fury,1936,7,"Lang, Fritz",USA
A Day in the Country,1936,8,"Renoir, Jean",France
San Francisco,1936,9,"Van Dyke, W.S.",USA
Show Boat,1936,10,"Whale, James",USA
Top Hat,1935,1,"Sandrich, Mark",USA
The Bride of Frankenstein,1935,2,"Whale, James",USA
The 39 Steps,1935,3,"Hitchcock, Alfred",UK
Mutiny on the Bounty,1935,4,"Lloyd, Frank",USA
A Night at the Opera,1935,5,"Wood, Sam",USA
The Informer,1935,6,"Ford, John",USA
David Copperfield,1935,7,"Cukor, George",USA
Triumph of the Will,1935,8,"Riefenstahl, Leni",Germany
Ruggles of Red Gap,1935,9,"McCarey, Leo",USA
Les Misérables,1935,10,"Boleslawski, Richard",USA
It Happened One Night,1934,1,"Capra, Frank",USA
L'Atalante,1934,2,"Vigo, Jean",France
The Thin Man,1934,3,"Van Dyke, W.S.",USA
It's a Gift,1934,4,"McLeod, Norman Z.",USA
The Scarlet Empress,1934,5,"von Sternberg, Josef",USA
Twentieth Century,1934,6,"Hawks, Howard",USA
The Count of Monte Cristo,1934,7,"Lee, Rowland V. / Lucas, Wilfred",USA
The Gay Divorcee,1934,8,"Sandrich, Mark",USA
The Black Cat,1934,9,"Ulmer, Edgar G.",USA
Viva Villa!,1934,10,"Conway, Jack / Hawks, Howard / Wellman, William A.",USA
King Kong,1933,1,"Cooper, Merian C. / Schoedsack, Ernest B.",USA
Duck Soup,1933,2,"McCarey, Leo",USA
Zéro de conduite,1933,3,"Vigo, Jean",France
42nd Street,1933,4,"Bacon, Lloyd",USA
Queen Christina,1933,5,"Mamoulian, Rouben",USA
Little Women,1933,6,"Cukor, George",USA
She Done Him Wrong,1933,7,"Sherman, Lowell",USA
The Private Life of Henry VIII,1933,8,"Korda, Alexander",UK
Dinner at Eight,1933,9,"Cukor, George",USA
Gold Diggers of 1933,1933,10,"LeRoy, Mervyn",USA
Trouble in Paradise,1932,1,"Lubitsch, Ernst",USA
Scarface,1932,2,"Hawks, Howard / Rosson, Richard",USA
I Am a Fugitive from a Chain Gang,1932,3,"LeRoy, Mervyn",USA
Boudu Saved from Drowning,1932,4,"Renoir, Jean",France
Love Me Tonight,1932,5,"Mamoulian, Rouben",USA
Freaks,1932,6,"Browning, Tod",USA
Vampyr,1932,7,"Dreyer, Carl Theodor",France / Germany
Shanghai Express,1932,8,"von Sternberg, Josef",USA
Grand Hotel,1932,9,"Goulding, Edmund",USA
One Hour with You,1932,10,"Cukor, George / Lubitsch, Ernst",USA
M,1931,1,"Lang, Fritz",Germany
City Lights,1931,2,"Chaplin, Charles",USA
Frankenstein,1931,3,"Whale, James",USA
The Public Enemy,1931,4,"Wellman, William A.",USA
À nous la liberté,1931,5,"Clair, René",France
Le Million,1931,6,"Clair, René",France
Dracula,1931,7,"Browning, Tod",USA
Little Caesar,1931,8,"LeRoy, Mervyn",USA
La Chienne,1931,9,"Renoir, Jean",France
Dr. Jekyll and Mr. Hyde,1931,10,"Mamoulian, Rouben",USA
All Quiet on the Western Front,1930,1,"Milestone, Lewis",USA
The Blue Angel,1930,2,"von Sternberg, Josef",Germany
L'Âge d'Or,1930,3,"Buñuel, Luis",France
Earth,1930,4,"Dovzhenko, Aleksandr",Soviet Union
Morocco,1930,5,"von Sternberg, Josef",USA
Hell's Angels,1930,6,"Hughes, Howard / Goulding, Edmund",USA
Under the Roofs of Paris,1930,7,"Clair, René",France
The Big House,1930,8,"Hill, George W.",USA
Animal Crackers,1930,9,"Heerman, Victor",USA
Monte Carlo,1930,10,"Lubitsch, Ernst",USA
The Man with the Movie Camera,1929,1,"Vertov, Dziga",Soviet Union
Pandora's Box,1929,2,"Pabst, Georg Wilhelm",Germany
Blackmail,1929,3,"Hitchcock, Alfred",UK
Hallelujah,1929,4,"Vidor, King",USA
Applause,1929,5,"Mamoulian, Rouben",USA
The Love Parade,1929,6,"Lubitsch, Ernst",USA
Disraeli,1929,7,"Green, Alfred E.",USA
Queen Kelly,1929,8,"von Stroheim, Erich / Boleslawski, Richard / Goulding, Edmund / Thalberg, Irving / Wood, Sam",USA
Big Business,1929,9,"Horne, James W. / McCarey, Leo",USA
Bulldog Drummond,1929,10,"Jones, F. Richard / Howard, Sidney",USA
The Passion of Joan of Arc,1928,1,"Dreyer, Carl Theodor",France
Un Chien Andalou,1928,2,"Buñuel, Luis",France
The Crowd,1928,3,"Vidor, King",USA
The Wind,1928,4,"Sjöström, Victor",USA
"Steamboat Bill, Jr.",1928,5,"Keaton, Buster / Reisner, Charles",USA
The Cameraman,1928,6,"Keaton, Buster / Sedgwick, Edward",USA
October (Ten Days That Shook the World),1928,7,"Eisenstein, Sergei M. / Aleksandrov, Grigori",Soviet Union
An Italian Straw Hat,1928,8,"Clair, René",France
The Last Command,1928,9,"von Sternberg, Josef",USA
The Docks of New York,1928,10,"von Sternberg, Josef",USA
Metropolis,1927,1,"Lang, Fritz",Germany
Sunrise,1927,2,"Murnau, F.W.",USA
Napoléon,1927,3,"Gance, Abel",Sweden / Italy / France / Czechoslovakia / Germany
The Jazz Singer,1927,4,"Crosland, Alan",USA
The Kid Brother,1927,5,"Wilde, Ted / Howe, J.A. / Lloyd, Harold / Milestone, Lewis",USA
Seventh Heaven,1927,6,"Borzage, Frank",USA
The Lodger,1927,7,"Hitchcock, Alfred",UK
Wings,1927,8,"Wellman, William A.",USA
Underworld,1927,9,"von Sternberg, Josef / Rosson, Arthur",USA
It,1927,10,"Badger, Clarence G. / von Sternberg, Josef",USA
The General,1926,1,"Keaton, Buster / Bruckman, Clyde",USA
The Black Pirate,1926,2,"Parker, Albert",USA
Mother,1926,3,"Pudovkin, Vsevolod",Soviet Union
Faust,1926,4,"Murnau, F.W.",Germany
Flesh and the Devil,1926,5,"Brown, Clarence",USA
The Son of the Sheik,1926,6,"Fitzmaurice, George",USA
What Price Glory?,1926,7,"Walsh, Raoul",USA
The Winning of Barbara Worth,1926,8,"King, Henry",USA
Moana,1926,9,"Flaherty, Robert J.",USA
La Boheme,1926,10,"Vidor, King",USA
Battleship Potemkin,1925,1,"Eisenstein, Sergei M. / Aleksandrov, Grigori",Soviet Union
The Gold Rush,1925,2,"Chaplin, Charles",USA
Strike,1925,3,"Eisenstein, Sergei M.",Soviet Union
The Big Parade,1925,4,"Vidor, King",USA
The Phantom of the Opera,1925,5,"Julian, Rupert / Laemmle, Ernst / Sedgwick, Edward",USA
Seven Chances,1925,6,"Keaton, Buster",USA
Ben-Hur,1925,7,"Niblo, Fred / Brabin, Charles / Cabanne, Christy / Cohn, J.J. / Ingram, Rex",USA
The Freshman,1925,8,"Newmeyer, Fred C. / Taylor, Sam",USA
The Lost World,1925,9,"Hoyt, Harry O. / Dowling, William",USA
The Merry Widow,1925,10,"von Stroheim, Erich",USA
"Sherlock, Jr.",1924,1,"Keaton, Buster",USA
Greed,1924,2,"von Stroheim, Erich",USA
The Thief of Bagdad,1924,3,"Walsh, Raoul",USA
The Last Laugh,1924,4,"Murnau, F.W.",Germany
The Navigator,1924,5,"Keaton, Buster / Crisp, Donald",USA
Die Nibelungen: Kriemhilds Rache,1924,6,"Lang, Fritz",Germany
Die Nibelungen: Siegfried,1924,7,"Lang, Fritz",Germany
The Iron Horse,1924,8,"Ford, John",USA
He Who Gets Slapped,1924,9,"Sjöström, Victor",USA
Peter Pan,1924,10,"Brenon, Herbert",USA
Our Hospitality,1923,1,"Keaton, Buster / Blystone, John G.",USA
Safety Last!,1923,2,"Newmeyer, Fred C. / Taylor, Sam",USA
La Roue,1923,3,"Gance, Abel",France
The Covered Wagon,1923,4,"Cruze, James",USA
The Hunchback of Notre Dame,1923,5,"Worsley, Wallace",USA
The Ten Commandments,1923,6,"DeMille, Cecil B.",USA
Souls for Sale,1923,7,"Hughes, Rupert",USA
A Woman of Paris,1923,8,"Chaplin, Charles",USA
Three Ages,1923,9,"Keaton, Buster / Cline, Edward F.",USA
Why Worry?,1923,10,"Newmeyer, Fred C. / Taylor, Sam",USA
Nosferatu,1922,1,"Murnau, F.W.",Germany
Dr. Mabuse - The Gambler,1922,2,"Lang, Fritz",Germany
Nanook of the North,1922,3,"Flaherty, Robert J.",USA
Foolish Wives,1922,4,"von Stroheim, Erich",USA
Häxan,1922,5,"Christensen, Benjamin",Denmark / Sweden
Robin Hood,1922,6,"Dwan, Allan",USA
Cops,1922,7,"Keaton, Buster / Cline, Edward F.",USA
When Knighthood Was in Flower,1922,8,"Vignola, Robert G.",USA
Sky High,1922,9,"Reynolds, Lynn",USA
Grandma's Boy,1922,10,"Newmeyer, Fred C.",USA
The Kid,1921,1,"Chaplin, Charles",USA
Orphans of the Storm,1921,2,"Griffith, D.W.",USA
Tol'able David,1921,3,"King, Henry",USA
The Four Horsemen of the Apocalypse,1921,4,"Ingram, Rex",USA
Destiny,1921,5,"Lang, Fritz",Germany
Körkarlen,1921,6,"Sjöström, Victor",Sweden
Miss Lulu Bett,1921,7,"de Mille, William C.",USA
The Sheik,1921,8,"Melford, George",USA
The Wildcat,1921,9,"Lubitsch, Ernst",Germany
The Boat,1921,10,"Keaton, Buster / Cline, Edward F.",USA
The Goat,1921,10,"Keaton, Buster / St. Clair, Malcolm",USA
Hard Luck,1921,10,"Keaton, Buster / Cline, Edward F.",USA
The Haunted House,1921,10,"Keaton, Buster / Cline, Edward F.",USA
The High Sign,1921,10,"Keaton, Buster / Cline, Edward F.",USA
The Playhouse,1921,10,"Keaton, Buster / Cline, Edward F.",USA
The Cabinet of Dr. Caligari,1920,1,"Wiene, Robert",Germany
Way Down East,1920,2,"Griffith, D.W.",USA
The Golem,1920,3,"Wegener, Paul / Boese, Carl",Germany
One Week,1920,4,"Keaton, Buster / Cline, Edward F.",USA
The Mark of Zorro,1920,5,"Niblo, Fred",USA
Within Our Gates,1920,6,"Micheaux, Oscar",USA
Last of the Mohicans,1920,7,"Brown, Clarence / Tourneur, Maurice",USA
Humoresque,1920,8,"Borzage, Frank",USA
The Parson's Widow,1920,9,"Dreyer, Carl Theodor",Sweden / Denmark
The Round Up,1920,10,"Melford, George",USA
Broken Blossoms,1919,1,"Griffith, D.W.",USA
Male and Female,1919,2,"DeMille, Cecil B.",USA
J'accuse!,1919,3,"Gance, Abel",France
South: Ernest Shackleton and the Endurance Expedition,1919,4,"Hurley, Frank",Australia / UK
Blind Husbands,1919,5,"von Stroheim, Erich",USA
The Dragon Painter,1919,6,"Worthington, William",USA
When the Clouds Roll by,1919,7,"Fleming, Victor / Reed, Theodore",USA
True Heart Susie,1919,8,"Griffith, D.W.",USA
The Doll,1919,9,"Lubitsch, Ernst",Germany
Back Stage,1919,10,"Arbuckle, Roscoe 'Fatty'",USA
Daddy-Long-Legs,1919,10,"Neilan, Marshall",USA
Don't Change Your Husband,1919,10,"DeMille, Cecil B.",USA
"Elmo, the Mighty",1919,10,"MacRae, Henry",USA
The Grim Game,1919,10,"Willat, Irvin",USA
"His Majesty, the American",1919,10,"Henabery, Joseph",USA
Kathleen Mavourneen,1919,10,"Brabin, Charles",USA
Madame DuBarry,1919,10,"Lubitsch, Ernst",Germany
The Miracle Man,1919,10,"Tucker, George Loane",USA
The New Moon,1919,10,"Withey, Chester",USA
Præsidenten,1919,10,"Dreyer, Carl Theodor",Denmark
The Spiders,1919,10,"Lang, Fritz",Germany
Square Deal Sanderson,1919,10,"Hart, William S. / Hillyer, Lambert",USA
Sunnyside,1919,10,"Chaplin, Charles",USA
The Unwritten Code,1919,10,"Durning, Bernard J.",USA
The Wilderness Trail,1919,10,"LeSaint, Edward",USA
The Outlaw and His Wife,1918,1,"Sjöström, Victor",Sweden
Stella Maris,1918,2,"Neilan, Marshall",USA
The Blue Bird,1918,3,"Tourneur, Maurice",USA
The Sinking of the Lusitania,1918,3,"McCay, Winsor",USA
Hearts of the World,1918,4,"Griffith, D.W.",USA
A Black Sherlock Holmes,1918,5,"Phillips, R.W.",USA
Blue Blazes Rawden,1918,5,"Hart, William S.",USA
The Bond,1918,5,"Chaplin, Charles",USA
Der Gelbe Schein,1918,5,"Illés, Eugen / Janson, Victor / Stein, Paul L.",Germany
A Dog's Life,1918,5,"Chaplin, Charles",USA
Laughing Bill Hyde,1918,5,"Henley, Hobart",USA
Mickey,1918,5,"Jones, F. Richard / Young, James",USA
My Four Years in Germany,1918,5,"Nigh, William",USA
Old Wives for New,1918,5,"DeMille, Cecil B.",USA
The Prodigal Wife,1918,5,"Reicher, Frank",USA
Salome,1918,5,"Edwards, J. Gordon",USA
Selfish Yates,1918,5,"Hart, William S.",USA
Shoulder Arms,1918,5,"Chaplin, Charles",USA
Tarzan of the Apes,1918,5,"Sidney, Scott",USA
The Whispering Chorus,1918,5,"DeMille, Cecil B.",USA
Tih Minh,1918,6,"Feuillade, Louis",France
The Cook,1918,7,"Arbuckle, Roscoe 'Fatty'",USA
Denny from Ireland,1918,7,"Clifford, William H.",USA
Little Orphant Annie,1918,7,"Campbell, Colin",USA
Mr. Fix-It,1918,7,"Dwan, Allan",USA
100% American,1918,7,unknown,USA
Shifting Sands,1918,7,"Parker, Albert",USA
A Society Sensation,1918,7,"Powell, Paul",USA
Woman,1918,7,"Tourneur, Maurice",USA
The Cure,1917,1,"Chaplin, Charles",USA
Easy Street,1917,1,"Chaplin, Charles",USA
The Adventurer,1917,2,"Chaplin, Charles",USA
The Immigrant,1917,3,"Chaplin, Charles",USA
Wild and Wooly,1917,4,"Emerson, John",USA
The Poor Little Rich Girl,1917,5,"Tourneur, Maurice",USA
Thomas Graal's Best Film,1917,6,"Stiller, Mauritz",Sweden
Girl Without a Soul,1917,7,"Collins, John H.",USA
A Man There Was,1917,8,"Sjöström, Victor",Sweden
Birth Control,1917,9,"Sanger, Margaret",USA
The Butcher Boy,1917,9,"Arbuckle, Roscoe 'Fatty'",USA
El Apóstol,1917,9,"Cristiani, Quirino",Argentina
The Gulf Between,1917,9,"Physioc, Wray Bartlett",USA
The Gun Fighter,1917,9,"Hart, William S.",USA
The Heart of Texas Ryan,1917,9,"Martin, E.A.",USA
Masks and Faces,1917,9,"Paul, Fred",UK
Max in a Taxi,1917,9,"Linder, Max",USA
The Narrow Trail,1917,9,"Hart, William S. / Hillyer, Lambert",USA
Over the Fence,1917,9,"Lloyd, Harold / MacDonald, J. Farrell",USA
Polly of the Circus,1917,9,"Hollywood, Edwin L. / Horan, Charles",USA
The Pride of the Clan,1917,9,"Tourneur, Maurice",USA
The Silent Man,1917,9,"Hart, William S.",USA
Straight Shooting,1917,9,"Ford, John",USA
Taii no musume,1917,9,"Inoue, Masao",Japan
A Tale of Two Cities,1917,9,"Lloyd, Frank",USA
Thais,1917,9,"Crane, Frank Hall / Ballin, Hugo",USA
Unmasked,1917,10,"Cunard, Grace / Ford, Francis",USA
Intolerance,1916,1,"Griffith, D.W.",USA
Hell's Hinges,1916,2,"Swickard, Charles / Hart, William S. / Smith, Clifford",USA
One A.M.,1916,3,"Chaplin, Charles",USA
Behind the Screen,1916,4,"Chaplin, Charles",USA
The Pawnshop,1916,4,"Chaplin, Charles",USA
Civilization,1916,5,"Ince, Thomas H. / Barker, Reginald / West, Raymond B. / Edwards, Walter / Hartford, David / Hunt, Jay / Read, J. Parker Jr.",USA
Where Are My Children?,1916,5,"Smalley, Phillips / Weber, Lois",USA
Judex,1916,6,"Feuillade, Louis",France
The Count,1916,7,"Chaplin, Charles",USA
The Fireman,1916,7,"Chaplin, Charles",USA
The Floorwalker,1916,7,"Chaplin, Charles",USA
The Rink,1916,7,"Chaplin, Charles",USA
The Vagabond,1916,7,"Chaplin, Charles",USA
Shoes,1916,8,"Weber, Lois",USA
Arsene Lupin,1916,9,"Tucker, George Loane",UK
The Cossack Whip,1916,9,"Collins, John H.",USA
A Daughter of the Gods,1916,9,"Brenon, Herbert",USA
His Picture in the Papers,1916,9,"Emerson, John",USA
Hoodoo Ann,1916,9,"Ingraham, Lloyd",USA
Joan the Woman,1916,9,"DeMille, Cecil B.",USA
Lass of the Lumberlands,1916,9,"Hurst, Paul / McGowan, J.P.",USA
Manhattan Madness,1916,9,"Dwan, Allan",USA
Nugget Jim's Pardner,1916,9,"Borzage, Frank",USA
Peggy,1916,9,"Giblyn, Charles / Ince, Thomas H.",USA
Police,1916,9,"Chaplin, Charles",USA
The Purple Mask,1916,9,"Cunard, Grace / Ford, Francis",USA
The Realization of a Negro's Ambition,1916,9,"Gant, Harry A.",USA
The Return of Draw Egan,1916,9,"Hart, William S.",USA
She,1916,9,"Barker, William G.B. / Lucoque, Horace Lisle",UK
To Have and to Hold,1916,9,"Melford, George",USA
"Ultus, the Man from the Dead",1916,9,"Pearson, George",UK
The Valley of Decision,1916,9,"Berger, Rae",USA
The Curse of Quon Gwon,1916,10,"Wong, Marion",USA
The Birth of a Nation,1915,1,"Griffith, D.W.",USA
Les Vampires,1915,2,"Feuillade, Louis",France
The Cheat,1915,3,"DeMille, Cecil B.",USA
Regeneration,1915,4,"Walsh, Raoul",USA
A Fool There Was,1915,5,"Powell, Frank",USA
The Italian,1915,6,"Barker, Reginald",USA
The Battle Cry of Peace,1915,7,"Blackton, J. Stuart / North, Wilfrid",USA
Charlie the Champion,1915,7,"Chaplin, Charles",USA
Jane Shore,1915,7,"Haldane, Bert / Thornton, F. Martin",UK
Just Nuts,1915,7,"Roach, Hal",USA
The Lamb,1915,7,"Cabanne, Christy",USA
A Night in the Show,1915,7,"Chaplin, Charles",USA
Pool Sharks,1915,7,"Middleton, Edwin",USA
The Repudiated Daughter,1915,7,unknown,Poland
The Scourge of the Desert,1915,7,"Hart, William S.",USA
Sweet Lavender,1915,7,"Hepworth, Cecil M.",UK
The Tramp,1915,7,"Chaplin, Charles",USA
A Woman,1915,7,"Chaplin, Charles",USA
Fatty's Tintype Tangle,1915,8,"Arbuckle, Roscoe 'Fatty'",USA
Burlesque on Carmen,1915,9,"Chaplin, Charles",USA
After Death,1915,10,"Bauer, Yevgeni",Russia
The Doll-House Mystery,1915,10,"Franklin, Chester M. / Franklin, Sidney",USA
A Mother's Atonement,1915,10,"De Grasse, Joseph",USA
The Raven,1915,10,"Brabin, Charles",USA
The Stolen Voice,1915,10,"Crane, Frank Hall",USA
Cabiria,1914,1,"Pastrone, Giovanni",Italy
Tillie's Punctured Romance,1914,2,"Sennett, Mack",USA
Gertie the Dinosaur,1914,3,"McCay, Winsor",USA
The Bargain,1914,4,"Barker, Reginald",USA
The Exploits of Elaine,1914,4,"Gasnier, Louis J. / Seitz, George B. / Wharton, Leopold",USA
The Perils of Pauline,1914,4,"Gasnier, Louis J. / MacKenzie, Donald",USA
Tess of the Storm Country,1914,4,"Porter, Edwin S.",USA
A Child of the Big City,1914,5,"Bauer, Yevgeni",Russia
Kid Auto Races at Venice,1914,6,"Lehrman, Henry",USA
Making a Living,1914,6,"Lehrman, Henry",USA
The Wishing Ring: An Idyll of Old England,1914,7,"Tourneur, Maurice",USA
Dough and Dynamite,1914,8,"Chaplin, Charles",USA
In the Sage Brush Country,1914,8,"Hart, William S.",USA
Judith of Bethulia,1914,8,"Griffith, D.W.",USA
Lieutenant Pimple and the Stolen Invention,1914,8,unknown,UK
The Life of General Villa,1914,8,"Cabanne, Christy",USA
Lucille Love: The Girl of Mystery,1914,8,"Ford, Francis",USA
The Million Dollar Mystery,1914,8,"Hansel, Howell",USA
Neptune's Daughter,1914,8,"Brenon, Herbert",USA
Sperduti nel buio,1914,8,"Martoglio, Nino",Italy
The Spoilers,1914,8,"Campbell, Colin",USA
The Squaw Man,1914,8,"Apfel, Oscar / DeMille, Cecil B.",USA
A Study in Scarlet,1914,8,"Pearson, George",UK
The Trail of the Lonesome Pine,1914,8,"Dear, Frank L.",USA
The Typhoon,1914,8,"Barker, Reginald",USA
The Virginian,1914,8,"DeMille, Cecil B.",USA
In the Land of the Head Hunters,1914,9,"Curtis, Edward S.",USA
Mabel's Blunder,1914,9,"Normand, Mabel",USA
Uncle Tom's Cabin,1914,9,"Daly, William Robert",USA
The Avenging Conscience; Thou Shalt Not Kill,1914,10,"Griffith, D.W.",USA
Traffic in Souls,1913,1,"Tucker, George Loane",USA
Fantômas,1913,2,"Feuillade, Louis",France
Twilight of a Woman's Soul,1913,3,"Bauer, Yevgeni",Russia
Ingeborg Holm,1913,4,"Sjöström, Victor",Sweden
The Adventures of Kathlyn,1913,5,"Grandon, Francis J.",USA
David Copperfield,1913,5,"Bentley, Thomas",UK
Der Andere,1913,5,"Mack, Max",Germany
Die Filmprimadonna,1913,5,"Gad, Urban",Germany / Denmark
Die Insel der Seligen,1913,5,"Reinhardt, Max",Germany
The Gangsters,1913,5,"Lehrman, Henry",USA
Hamlet,1913,5,"Plumb, Hay",UK
A Noise from the Deep,1913,5,"Sennett, Mack",USA
The Pickwick Papers,1913,5,"Trimble, Laurence",UK / USA
The Prisoner of Zenda,1913,5,"Porter, Edwin S. / Ford, Hugh",USA
Quo Vadis?,1913,5,"Guazzoni, Enrico",Italy
The Sea Urchin,1913,5,"August, Edwin",USA
The Waiters' Picnic,1913,5,"Sennett, Mack",USA
